"","tplace","year","mois","temperature"
"1","Antalya",1961,"t1",9.63
"2","Antalya",1962,"t1",9.41
"3","Antalya",1963,"t1",9.75
"4","Antalya",1964,"t1",9.77
"5","Antalya",1965,"t1",9.03
"6","Antalya",1966,"t1",10.28
"7","Antalya",1967,"t1",10.29
"8","Antalya",1968,"t1",9.66
"9","Antalya",1969,"t1",9.37
"10","Antalya",1970,"t1",9.43
"11","Antalya",1971,"t1",8.71
"12","Antalya",1972,"t1",9.74
"13","Antalya",1973,"t1",9.25
"14","Antalya",1974,"t1",8.38
"15","Antalya",1975,"t1",9.13
"16","Antalya",1976,"t1",8.8
"17","Antalya",1977,"t1",9.46
"18","Antalya",1978,"t1",9.67
"19","Antalya",1979,"t1",9.98
"20","Antalya",1980,"t1",9.98
"21","Antalya",1981,"t1",10.68
"22","Antalya",1982,"t1",9.9
"23","Antalya",1983,"t1",9.08
"24","Antalya",1984,"t1",9.2
"25","Antalya",1985,"t1",9.02
"26","Antalya",1986,"t1",10.26
"27","Antalya",1987,"t1",9.45
"28","Antalya",1988,"t1",9.52
"29","Antalya",1989,"t1",9.93
"30","Antalya",1990,"t1",9.9
"31","Antalya",1991,"t1",9.77
"32","Antalya",1992,"t1",10.23
"33","Antalya",1993,"t1",9.81
"34","Antalya",1994,"t1",9.91
"35","Antalya",1995,"t1",9.34
"36","Antalya",1996,"t1",9.73
"37","Antalya",1997,"t1",8.93
"38","Antalya",1998,"t1",9.71
"39","Antalya",1999,"t1",10.8
"40","Antalya",2000,"t1",10.57
"41","Antalya",2001,"t1",11
"42","Antalya",2002,"t1",9.91
"43","Antalya",2003,"t1",9.45
"44","Antalya",2004,"t1",9.23
"45","Antalya",2005,"t1",9.76
"46","Antalya",2006,"t1",10.33
"47","Antalya",2007,"t1",10.53
"48","Antalya",2008,"t1",8.51
"49","Antalya",2009,"t1",10.65
"50","Antalya",2010,"t1",10.67
"51","Antalya",2011,"t1",9.56
"52","Antalya",2012,"t1",9.87
"53","Antalya",2013,"t1",10.36
"54","Antalya",2014,"t1",9.86
"55","Antalya",2015,"t1",10.27
"56","Antalya",2016,"t1",10.27
"57","Antalya",2017,"t1",10.41
"58","Antalya",2018,"t1",10.28
"59","Antalya",2019,"t1",10.17
"60","Antalya",2020,"t1",10.38
"61","Antalya",2021,"t1",9.76
"62","Antalya",2022,"t1",9.71
"63","Antalya",2023,"t1",9.87
"64","Antalya",2024,"t1",10.24
"65","Antalya",2025,"t1",10.46
"66","Antalya",2026,"t1",10.5
"67","Antalya",2027,"t1",10.36
"68","Antalya",2028,"t1",9.91
"69","Antalya",2029,"t1",9.86
"70","Antalya",2030,"t1",9.47
"71","Antalya",2031,"t1",10.75
"72","Antalya",2032,"t1",10.63
"73","Antalya",2033,"t1",11.39
"74","Antalya",2034,"t1",10.78
"75","Antalya",2035,"t1",11.16
"76","Antalya",2036,"t1",10.89
"77","Antalya",2037,"t1",10.73
"78","Antalya",2038,"t1",11.08
"79","Antalya",2039,"t1",11.08
"80","Antalya",2040,"t1",10.98
"81","Antalya",2041,"t1",10.38
"82","Antalya",2042,"t1",11.76
"83","Antalya",2043,"t1",10.93
"84","Antalya",2044,"t1",10.64
"85","Antalya",2045,"t1",11.4
"86","Antalya",2046,"t1",11.62
"87","Antalya",2047,"t1",11.06
"88","Antalya",2048,"t1",10.36
"89","Antalya",2049,"t1",11.29
"90","Antalya",2050,"t1",11.71
"91","Antalya",2051,"t1",10.34
"92","Antalya",2052,"t1",11.15
"93","Antalya",2053,"t1",12.44
"94","Antalya",2054,"t1",11.36
"95","Antalya",2055,"t1",11.83
"96","Antalya",2056,"t1",11.17
"97","Antalya",2057,"t1",11.04
"98","Antalya",2058,"t1",11.5
"99","Antalya",2059,"t1",11.59
"100","Antalya",2060,"t1",12.1
"101","Antalya",2061,"t1",10.71
"102","Antalya",2062,"t1",10.93
"103","Antalya",2063,"t1",12
"104","Antalya",2064,"t1",11.32
"105","Antalya",2065,"t1",12.08
"106","Antalya",2066,"t1",11.26
"107","Antalya",2067,"t1",11.95
"108","Antalya",2068,"t1",11.41
"109","Antalya",2069,"t1",12.24
"110","Antalya",2070,"t1",12.08
"111","Antalya",2071,"t1",11.9
"112","Antalya",2072,"t1",12.04
"113","Antalya",2073,"t1",11.22
"114","Antalya",2074,"t1",11.44
"115","Antalya",2075,"t1",11.63
"116","Antalya",2076,"t1",12.3
"117","Antalya",2077,"t1",10.65
"118","Antalya",2078,"t1",11.17
"119","Antalya",2079,"t1",12.01
"120","Antalya",2080,"t1",11.7
"121","Antalya",2081,"t1",11.66
"122","Antalya",2082,"t1",12.39
"123","Antalya",2083,"t1",12.74
"124","Antalya",2084,"t1",12.27
"125","Antalya",2085,"t1",13.09
"126","Antalya",2086,"t1",11.58
"127","Antalya",2087,"t1",12.2
"128","Antalya",2088,"t1",12.3
"129","Antalya",2089,"t1",13.01
"130","Antalya",2090,"t1",12.54
"131","Antalya",2091,"t1",12.67
"132","Antalya",2092,"t1",13.02
"133","Antalya",2093,"t1",13.07
"134","Antalya",2094,"t1",12.55
"135","Antalya",2095,"t1",11.8
"136","Antalya",2096,"t1",11.7
"137","Antalya",1961,"t2",10.15
"138","Antalya",1962,"t2",10.15
"139","Antalya",1963,"t2",10.52
"140","Antalya",1964,"t2",9.68
"141","Antalya",1965,"t2",9.92
"142","Antalya",1966,"t2",9.94
"143","Antalya",1967,"t2",10
"144","Antalya",1968,"t2",9.87
"145","Antalya",1969,"t2",10.82
"146","Antalya",1970,"t2",10.46
"147","Antalya",1971,"t2",9.91
"148","Antalya",1972,"t2",9.93
"149","Antalya",1973,"t2",10.55
"150","Antalya",1974,"t2",9.88
"151","Antalya",1975,"t2",10.6
"152","Antalya",1976,"t2",9.54
"153","Antalya",1977,"t2",9.59
"154","Antalya",1978,"t2",9.51
"155","Antalya",1979,"t2",9.66
"156","Antalya",1980,"t2",10.08
"157","Antalya",1981,"t2",9.22
"158","Antalya",1982,"t2",9.18
"159","Antalya",1983,"t2",9.81
"160","Antalya",1984,"t2",10.73
"161","Antalya",1985,"t2",9.1
"162","Antalya",1986,"t2",9.78
"163","Antalya",1987,"t2",10.4
"164","Antalya",1988,"t2",10.04
"165","Antalya",1989,"t2",8.94
"166","Antalya",1990,"t2",9.48
"167","Antalya",1991,"t2",10.8
"168","Antalya",1992,"t2",10.55
"169","Antalya",1993,"t2",9.65
"170","Antalya",1994,"t2",10.75
"171","Antalya",1995,"t2",10.21
"172","Antalya",1996,"t2",10.71
"173","Antalya",1997,"t2",10.35
"174","Antalya",1998,"t2",10.81
"175","Antalya",1999,"t2",11.28
"176","Antalya",2000,"t2",11.3
"177","Antalya",2001,"t2",10.25
"178","Antalya",2002,"t2",9.69
"179","Antalya",2003,"t2",10.4
"180","Antalya",2004,"t2",10.1
"181","Antalya",2005,"t2",10.52
"182","Antalya",2006,"t2",11.34
"183","Antalya",2007,"t2",11.08
"184","Antalya",2008,"t2",9.66
"185","Antalya",2009,"t2",11.5
"186","Antalya",2010,"t2",11.13
"187","Antalya",2011,"t2",10.48
"188","Antalya",2012,"t2",10.22
"189","Antalya",2013,"t2",11.28
"190","Antalya",2014,"t2",10.5
"191","Antalya",2015,"t2",9.92
"192","Antalya",2016,"t2",10.65
"193","Antalya",2017,"t2",10.52
"194","Antalya",2018,"t2",11.07
"195","Antalya",2019,"t2",10.63
"196","Antalya",2020,"t2",10.24
"197","Antalya",2021,"t2",10.81
"198","Antalya",2022,"t2",10.63
"199","Antalya",2023,"t2",10.22
"200","Antalya",2024,"t2",10.5
"201","Antalya",2025,"t2",11.16
"202","Antalya",2026,"t2",11.29
"203","Antalya",2027,"t2",11.12
"204","Antalya",2028,"t2",11.11
"205","Antalya",2029,"t2",10.9
"206","Antalya",2030,"t2",10.48
"207","Antalya",2031,"t2",10.27
"208","Antalya",2032,"t2",11.63
"209","Antalya",2033,"t2",11.48
"210","Antalya",2034,"t2",11.34
"211","Antalya",2035,"t2",11.58
"212","Antalya",2036,"t2",11.17
"213","Antalya",2037,"t2",11.35
"214","Antalya",2038,"t2",11.31
"215","Antalya",2039,"t2",11.17
"216","Antalya",2040,"t2",11.04
"217","Antalya",2041,"t2",11.48
"218","Antalya",2042,"t2",11.11
"219","Antalya",2043,"t2",11.61
"220","Antalya",2044,"t2",11.1
"221","Antalya",2045,"t2",10.95
"222","Antalya",2046,"t2",11.24
"223","Antalya",2047,"t2",11.57
"224","Antalya",2048,"t2",10.98
"225","Antalya",2049,"t2",11.93
"226","Antalya",2050,"t2",11.95
"227","Antalya",2051,"t2",11.87
"228","Antalya",2052,"t2",11.93
"229","Antalya",2053,"t2",12.19
"230","Antalya",2054,"t2",12.93
"231","Antalya",2055,"t2",12.36
"232","Antalya",2056,"t2",12.37
"233","Antalya",2057,"t2",12.34
"234","Antalya",2058,"t2",12.64
"235","Antalya",2059,"t2",12.61
"236","Antalya",2060,"t2",11.88
"237","Antalya",2061,"t2",12.27
"238","Antalya",2062,"t2",12.36
"239","Antalya",2063,"t2",11.75
"240","Antalya",2064,"t2",12.97
"241","Antalya",2065,"t2",13.13
"242","Antalya",2066,"t2",12.49
"243","Antalya",2067,"t2",11.95
"244","Antalya",2068,"t2",12.25
"245","Antalya",2069,"t2",12.88
"246","Antalya",2070,"t2",11.32
"247","Antalya",2071,"t2",11.74
"248","Antalya",2072,"t2",12.98
"249","Antalya",2073,"t2",11.87
"250","Antalya",2074,"t2",11.05
"251","Antalya",2075,"t2",12.3
"252","Antalya",2076,"t2",12.89
"253","Antalya",2077,"t2",12.46
"254","Antalya",2078,"t2",12.41
"255","Antalya",2079,"t2",12.96
"256","Antalya",2080,"t2",13.09
"257","Antalya",2081,"t2",11.5
"258","Antalya",2082,"t2",12.24
"259","Antalya",2083,"t2",12.86
"260","Antalya",2084,"t2",12.44
"261","Antalya",2085,"t2",12.41
"262","Antalya",2086,"t2",13.11
"263","Antalya",2087,"t2",13.34
"264","Antalya",2088,"t2",13.13
"265","Antalya",2089,"t2",13.86
"266","Antalya",2090,"t2",12.42
"267","Antalya",2091,"t2",13.34
"268","Antalya",2092,"t2",13.16
"269","Antalya",2093,"t2",13.64
"270","Antalya",2094,"t2",12.5
"271","Antalya",2095,"t2",13.37
"272","Antalya",2096,"t2",13.13
"273","Antalya",1961,"t3",12.24
"274","Antalya",1962,"t3",11.74
"275","Antalya",1963,"t3",12.97
"276","Antalya",1964,"t3",11.97
"277","Antalya",1965,"t3",12.3
"278","Antalya",1966,"t3",12.25
"279","Antalya",1967,"t3",12.7
"280","Antalya",1968,"t3",11.79
"281","Antalya",1969,"t3",12.18
"282","Antalya",1970,"t3",12.61
"283","Antalya",1971,"t3",11.91
"284","Antalya",1972,"t3",12.76
"285","Antalya",1973,"t3",12.73
"286","Antalya",1974,"t3",11.91
"287","Antalya",1975,"t3",12.21
"288","Antalya",1976,"t3",12.08
"289","Antalya",1977,"t3",11.77
"290","Antalya",1978,"t3",11.9
"291","Antalya",1979,"t3",11.86
"292","Antalya",1980,"t3",12.14
"293","Antalya",1981,"t3",12.2
"294","Antalya",1982,"t3",11.9
"295","Antalya",1983,"t3",11.91
"296","Antalya",1984,"t3",12.68
"297","Antalya",1985,"t3",12.46
"298","Antalya",1986,"t3",12.48
"299","Antalya",1987,"t3",12.45
"300","Antalya",1988,"t3",11.55
"301","Antalya",1989,"t3",12.52
"302","Antalya",1990,"t3",12.36
"303","Antalya",1991,"t3",12.36
"304","Antalya",1992,"t3",12.71
"305","Antalya",1993,"t3",13.3
"306","Antalya",1994,"t3",11.74
"307","Antalya",1995,"t3",12.99
"308","Antalya",1996,"t3",13.09
"309","Antalya",1997,"t3",12.47
"310","Antalya",1998,"t3",12.82
"311","Antalya",1999,"t3",12.82
"312","Antalya",2000,"t3",13.66
"313","Antalya",2001,"t3",12.5
"314","Antalya",2002,"t3",12.58
"315","Antalya",2003,"t3",12.4
"316","Antalya",2004,"t3",12.48
"317","Antalya",2005,"t3",13.26
"318","Antalya",2006,"t3",12.36
"319","Antalya",2007,"t3",12.96
"320","Antalya",2008,"t3",12.62
"321","Antalya",2009,"t3",13.25
"322","Antalya",2010,"t3",12.78
"323","Antalya",2011,"t3",13
"324","Antalya",2012,"t3",12.99
"325","Antalya",2013,"t3",12.98
"326","Antalya",2014,"t3",12.67
"327","Antalya",2015,"t3",12.34
"328","Antalya",2016,"t3",13.78
"329","Antalya",2017,"t3",13.86
"330","Antalya",2018,"t3",12.49
"331","Antalya",2019,"t3",13.29
"332","Antalya",2020,"t3",12.8
"333","Antalya",2021,"t3",11.77
"334","Antalya",2022,"t3",12.47
"335","Antalya",2023,"t3",13.39
"336","Antalya",2024,"t3",13.31
"337","Antalya",2025,"t3",12.8
"338","Antalya",2026,"t3",13.5
"339","Antalya",2027,"t3",13.52
"340","Antalya",2028,"t3",12.94
"341","Antalya",2029,"t3",13.62
"342","Antalya",2030,"t3",13.63
"343","Antalya",2031,"t3",13
"344","Antalya",2032,"t3",13.29
"345","Antalya",2033,"t3",13.56
"346","Antalya",2034,"t3",14.09
"347","Antalya",2035,"t3",13.05
"348","Antalya",2036,"t3",14.21
"349","Antalya",2037,"t3",13.69
"350","Antalya",2038,"t3",14.01
"351","Antalya",2039,"t3",13.59
"352","Antalya",2040,"t3",13.44
"353","Antalya",2041,"t3",13.23
"354","Antalya",2042,"t3",13.49
"355","Antalya",2043,"t3",14.51
"356","Antalya",2044,"t3",13.84
"357","Antalya",2045,"t3",13.11
"358","Antalya",2046,"t3",14.08
"359","Antalya",2047,"t3",14.62
"360","Antalya",2048,"t3",14.26
"361","Antalya",2049,"t3",14.37
"362","Antalya",2050,"t3",14.15
"363","Antalya",2051,"t3",14.15
"364","Antalya",2052,"t3",14.86
"365","Antalya",2053,"t3",14.24
"366","Antalya",2054,"t3",14.66
"367","Antalya",2055,"t3",14.43
"368","Antalya",2056,"t3",14.6
"369","Antalya",2057,"t3",13.99
"370","Antalya",2058,"t3",14.88
"371","Antalya",2059,"t3",13.98
"372","Antalya",2060,"t3",14.1
"373","Antalya",2061,"t3",14.78
"374","Antalya",2062,"t3",14.6
"375","Antalya",2063,"t3",14.14
"376","Antalya",2064,"t3",14.78
"377","Antalya",2065,"t3",15.33
"378","Antalya",2066,"t3",16.56
"379","Antalya",2067,"t3",15.42
"380","Antalya",2068,"t3",14.77
"381","Antalya",2069,"t3",14.49
"382","Antalya",2070,"t3",13.64
"383","Antalya",2071,"t3",15.43
"384","Antalya",2072,"t3",15.09
"385","Antalya",2073,"t3",14.54
"386","Antalya",2074,"t3",13.73
"387","Antalya",2075,"t3",14.81
"388","Antalya",2076,"t3",13.82
"389","Antalya",2077,"t3",14.9
"390","Antalya",2078,"t3",15.82
"391","Antalya",2079,"t3",14.77
"392","Antalya",2080,"t3",15.73
"393","Antalya",2081,"t3",15.54
"394","Antalya",2082,"t3",14.6
"395","Antalya",2083,"t3",15.17
"396","Antalya",2084,"t3",15.17
"397","Antalya",2085,"t3",14.82
"398","Antalya",2086,"t3",15.28
"399","Antalya",2087,"t3",15.22
"400","Antalya",2088,"t3",15.4
"401","Antalya",2089,"t3",16.22
"402","Antalya",2090,"t3",16.2
"403","Antalya",2091,"t3",15.66
"404","Antalya",2092,"t3",15.09
"405","Antalya",2093,"t3",15.95
"406","Antalya",2094,"t3",15.89
"407","Antalya",2095,"t3",15.2
"408","Antalya",2096,"t3",15.89
"409","Antalya",1961,"t4",17.23
"410","Antalya",1962,"t4",15.71
"411","Antalya",1963,"t4",15.54
"412","Antalya",1964,"t4",15.67
"413","Antalya",1965,"t4",15.16
"414","Antalya",1966,"t4",15.37
"415","Antalya",1967,"t4",14.79
"416","Antalya",1968,"t4",15.63
"417","Antalya",1969,"t4",15.29
"418","Antalya",1970,"t4",15.76
"419","Antalya",1971,"t4",14.96
"420","Antalya",1972,"t4",15.86
"421","Antalya",1973,"t4",15.1
"422","Antalya",1974,"t4",15.43
"423","Antalya",1975,"t4",15.9
"424","Antalya",1976,"t4",15.08
"425","Antalya",1977,"t4",14.7
"426","Antalya",1978,"t4",16.51
"427","Antalya",1979,"t4",15.21
"428","Antalya",1980,"t4",15.93
"429","Antalya",1981,"t4",16.02
"430","Antalya",1982,"t4",14.76
"431","Antalya",1983,"t4",15.41
"432","Antalya",1984,"t4",15.85
"433","Antalya",1985,"t4",15.69
"434","Antalya",1986,"t4",15.42
"435","Antalya",1987,"t4",15.83
"436","Antalya",1988,"t4",15.95
"437","Antalya",1989,"t4",15.5
"438","Antalya",1990,"t4",15.25
"439","Antalya",1991,"t4",15.52
"440","Antalya",1992,"t4",16.06
"441","Antalya",1993,"t4",16.36
"442","Antalya",1994,"t4",15.91
"443","Antalya",1995,"t4",15.79
"444","Antalya",1996,"t4",15.59
"445","Antalya",1997,"t4",16.86
"446","Antalya",1998,"t4",16.74
"447","Antalya",1999,"t4",16.45
"448","Antalya",2000,"t4",16.13
"449","Antalya",2001,"t4",16.7
"450","Antalya",2002,"t4",16.2
"451","Antalya",2003,"t4",15.88
"452","Antalya",2004,"t4",17.14
"453","Antalya",2005,"t4",15.71
"454","Antalya",2006,"t4",15.25
"455","Antalya",2007,"t4",15.76
"456","Antalya",2008,"t4",15.72
"457","Antalya",2009,"t4",16.83
"458","Antalya",2010,"t4",16.08
"459","Antalya",2011,"t4",16.21
"460","Antalya",2012,"t4",16.23
"461","Antalya",2013,"t4",16.19
"462","Antalya",2014,"t4",16.12
"463","Antalya",2015,"t4",16.25
"464","Antalya",2016,"t4",15.79
"465","Antalya",2017,"t4",17.65
"466","Antalya",2018,"t4",15.61
"467","Antalya",2019,"t4",15.8
"468","Antalya",2020,"t4",16.41
"469","Antalya",2021,"t4",16.34
"470","Antalya",2022,"t4",16
"471","Antalya",2023,"t4",17.12
"472","Antalya",2024,"t4",16.31
"473","Antalya",2025,"t4",16.59
"474","Antalya",2026,"t4",16.42
"475","Antalya",2027,"t4",16.57
"476","Antalya",2028,"t4",17.64
"477","Antalya",2029,"t4",17.19
"478","Antalya",2030,"t4",16.99
"479","Antalya",2031,"t4",16.7
"480","Antalya",2032,"t4",16.48
"481","Antalya",2033,"t4",17.02
"482","Antalya",2034,"t4",16.83
"483","Antalya",2035,"t4",17.67
"484","Antalya",2036,"t4",17.07
"485","Antalya",2037,"t4",16.79
"486","Antalya",2038,"t4",17.84
"487","Antalya",2039,"t4",17.05
"488","Antalya",2040,"t4",16.48
"489","Antalya",2041,"t4",16.55
"490","Antalya",2042,"t4",16.92
"491","Antalya",2043,"t4",16.9
"492","Antalya",2044,"t4",17.82
"493","Antalya",2045,"t4",17.03
"494","Antalya",2046,"t4",17.48
"495","Antalya",2047,"t4",17.34
"496","Antalya",2048,"t4",17.79
"497","Antalya",2049,"t4",18.14
"498","Antalya",2050,"t4",17.18
"499","Antalya",2051,"t4",17.49
"500","Antalya",2052,"t4",18.72
"501","Antalya",2053,"t4",17.99
"502","Antalya",2054,"t4",17.02
"503","Antalya",2055,"t4",17.89
"504","Antalya",2056,"t4",19.06
"505","Antalya",2057,"t4",17.44
"506","Antalya",2058,"t4",17.32
"507","Antalya",2059,"t4",18
"508","Antalya",2060,"t4",17.61
"509","Antalya",2061,"t4",17.46
"510","Antalya",2062,"t4",19.14
"511","Antalya",2063,"t4",17.64
"512","Antalya",2064,"t4",18.67
"513","Antalya",2065,"t4",17.95
"514","Antalya",2066,"t4",19.1
"515","Antalya",2067,"t4",19.19
"516","Antalya",2068,"t4",17.63
"517","Antalya",2069,"t4",16.94
"518","Antalya",2070,"t4",19.34
"519","Antalya",2071,"t4",17.72
"520","Antalya",2072,"t4",17.91
"521","Antalya",2073,"t4",18.77
"522","Antalya",2074,"t4",18.38
"523","Antalya",2075,"t4",17.35
"524","Antalya",2076,"t4",18.07
"525","Antalya",2077,"t4",17.95
"526","Antalya",2078,"t4",18.95
"527","Antalya",2079,"t4",19.05
"528","Antalya",2080,"t4",19.51
"529","Antalya",2081,"t4",19.31
"530","Antalya",2082,"t4",19.34
"531","Antalya",2083,"t4",19.09
"532","Antalya",2084,"t4",18.76
"533","Antalya",2085,"t4",18.92
"534","Antalya",2086,"t4",19.3
"535","Antalya",2087,"t4",18.96
"536","Antalya",2088,"t4",18.97
"537","Antalya",2089,"t4",18.87
"538","Antalya",2090,"t4",18.74
"539","Antalya",2091,"t4",20.03
"540","Antalya",2092,"t4",18.74
"541","Antalya",2093,"t4",18.5
"542","Antalya",2094,"t4",18.23
"543","Antalya",2095,"t4",19.87
"544","Antalya",2096,"t4",19.36
"545","Antalya",1961,"t5",20.34
"546","Antalya",1962,"t5",19.39
"547","Antalya",1963,"t5",19.49
"548","Antalya",1964,"t5",19.79
"549","Antalya",1965,"t5",18.63
"550","Antalya",1966,"t5",19.91
"551","Antalya",1967,"t5",19.55
"552","Antalya",1968,"t5",19.34
"553","Antalya",1969,"t5",19.64
"554","Antalya",1970,"t5",19.29
"555","Antalya",1971,"t5",19.11
"556","Antalya",1972,"t5",19.37
"557","Antalya",1973,"t5",19.6
"558","Antalya",1974,"t5",19.75
"559","Antalya",1975,"t5",20
"560","Antalya",1976,"t5",19.1
"561","Antalya",1977,"t5",19.62
"562","Antalya",1978,"t5",21
"563","Antalya",1979,"t5",19.72
"564","Antalya",1980,"t5",19.67
"565","Antalya",1981,"t5",19.65
"566","Antalya",1982,"t5",19.02
"567","Antalya",1983,"t5",19.16
"568","Antalya",1984,"t5",19.3
"569","Antalya",1985,"t5",20.11
"570","Antalya",1986,"t5",18.6
"571","Antalya",1987,"t5",19.64
"572","Antalya",1988,"t5",19.67
"573","Antalya",1989,"t5",20.31
"574","Antalya",1990,"t5",20.1
"575","Antalya",1991,"t5",19.71
"576","Antalya",1992,"t5",21.08
"577","Antalya",1993,"t5",20.91
"578","Antalya",1994,"t5",19.67
"579","Antalya",1995,"t5",20.28
"580","Antalya",1996,"t5",20.52
"581","Antalya",1997,"t5",20.48
"582","Antalya",1998,"t5",19.81
"583","Antalya",1999,"t5",19.95
"584","Antalya",2000,"t5",19.42
"585","Antalya",2001,"t5",20.3
"586","Antalya",2002,"t5",20.64
"587","Antalya",2003,"t5",20.42
"588","Antalya",2004,"t5",21.02
"589","Antalya",2005,"t5",20.01
"590","Antalya",2006,"t5",19.28
"591","Antalya",2007,"t5",19.42
"592","Antalya",2008,"t5",20.01
"593","Antalya",2009,"t5",20.99
"594","Antalya",2010,"t5",20.05
"595","Antalya",2011,"t5",20.14
"596","Antalya",2012,"t5",21.39
"597","Antalya",2013,"t5",21.21
"598","Antalya",2014,"t5",19.77
"599","Antalya",2015,"t5",20.41
"600","Antalya",2016,"t5",19.52
"601","Antalya",2017,"t5",21.14
"602","Antalya",2018,"t5",20.97
"603","Antalya",2019,"t5",21.26
"604","Antalya",2020,"t5",21.15
"605","Antalya",2021,"t5",21.45
"606","Antalya",2022,"t5",21.25
"607","Antalya",2023,"t5",20.93
"608","Antalya",2024,"t5",20.98
"609","Antalya",2025,"t5",20.61
"610","Antalya",2026,"t5",20.82
"611","Antalya",2027,"t5",20.25
"612","Antalya",2028,"t5",21.4
"613","Antalya",2029,"t5",20.54
"614","Antalya",2030,"t5",20.64
"615","Antalya",2031,"t5",21.41
"616","Antalya",2032,"t5",22.36
"617","Antalya",2033,"t5",21.65
"618","Antalya",2034,"t5",21.47
"619","Antalya",2035,"t5",21.88
"620","Antalya",2036,"t5",21.52
"621","Antalya",2037,"t5",21.89
"622","Antalya",2038,"t5",21.44
"623","Antalya",2039,"t5",21.04
"624","Antalya",2040,"t5",21.27
"625","Antalya",2041,"t5",20.89
"626","Antalya",2042,"t5",21.58
"627","Antalya",2043,"t5",21.88
"628","Antalya",2044,"t5",22.57
"629","Antalya",2045,"t5",21.55
"630","Antalya",2046,"t5",22.25
"631","Antalya",2047,"t5",22.09
"632","Antalya",2048,"t5",22.34
"633","Antalya",2049,"t5",22.45
"634","Antalya",2050,"t5",21.54
"635","Antalya",2051,"t5",22.97
"636","Antalya",2052,"t5",23
"637","Antalya",2053,"t5",22.68
"638","Antalya",2054,"t5",22.66
"639","Antalya",2055,"t5",22.54
"640","Antalya",2056,"t5",22.32
"641","Antalya",2057,"t5",22.08
"642","Antalya",2058,"t5",21.99
"643","Antalya",2059,"t5",22.72
"644","Antalya",2060,"t5",22.38
"645","Antalya",2061,"t5",22.48
"646","Antalya",2062,"t5",23.1
"647","Antalya",2063,"t5",23.11
"648","Antalya",2064,"t5",22.64
"649","Antalya",2065,"t5",22.37
"650","Antalya",2066,"t5",23.16
"651","Antalya",2067,"t5",22.72
"652","Antalya",2068,"t5",22.73
"653","Antalya",2069,"t5",21.93
"654","Antalya",2070,"t5",24.05
"655","Antalya",2071,"t5",23.32
"656","Antalya",2072,"t5",23.39
"657","Antalya",2073,"t5",23.58
"658","Antalya",2074,"t5",22.61
"659","Antalya",2075,"t5",22.35
"660","Antalya",2076,"t5",23.42
"661","Antalya",2077,"t5",23.18
"662","Antalya",2078,"t5",23.71
"663","Antalya",2079,"t5",24.43
"664","Antalya",2080,"t5",24.09
"665","Antalya",2081,"t5",22.86
"666","Antalya",2082,"t5",24.22
"667","Antalya",2083,"t5",23.39
"668","Antalya",2084,"t5",23.92
"669","Antalya",2085,"t5",23.13
"670","Antalya",2086,"t5",23.38
"671","Antalya",2087,"t5",23.26
"672","Antalya",2088,"t5",23.11
"673","Antalya",2089,"t5",23.06
"674","Antalya",2090,"t5",23.67
"675","Antalya",2091,"t5",24.66
"676","Antalya",2092,"t5",23.38
"677","Antalya",2093,"t5",24.81
"678","Antalya",2094,"t5",23.8
"679","Antalya",2095,"t5",24.91
"680","Antalya",2096,"t5",24.48
"681","Antalya",1961,"t6",24.64
"682","Antalya",1962,"t6",24.58
"683","Antalya",1963,"t6",24.38
"684","Antalya",1964,"t6",24.31
"685","Antalya",1965,"t6",25.07
"686","Antalya",1966,"t6",23.52
"687","Antalya",1967,"t6",23.83
"688","Antalya",1968,"t6",24.25
"689","Antalya",1969,"t6",23.53
"690","Antalya",1970,"t6",25.07
"691","Antalya",1971,"t6",23.98
"692","Antalya",1972,"t6",23.1
"693","Antalya",1973,"t6",24.65
"694","Antalya",1974,"t6",24.56
"695","Antalya",1975,"t6",24.27
"696","Antalya",1976,"t6",23.73
"697","Antalya",1977,"t6",24.51
"698","Antalya",1978,"t6",25.65
"699","Antalya",1979,"t6",24.21
"700","Antalya",1980,"t6",26.22
"701","Antalya",1981,"t6",24.75
"702","Antalya",1982,"t6",23.86
"703","Antalya",1983,"t6",23.76
"704","Antalya",1984,"t6",23.98
"705","Antalya",1985,"t6",24.22
"706","Antalya",1986,"t6",24.75
"707","Antalya",1987,"t6",25.64
"708","Antalya",1988,"t6",24.68
"709","Antalya",1989,"t6",25.2
"710","Antalya",1990,"t6",24.7
"711","Antalya",1991,"t6",24.18
"712","Antalya",1992,"t6",25.27
"713","Antalya",1993,"t6",25.42
"714","Antalya",1994,"t6",24.14
"715","Antalya",1995,"t6",25.1
"716","Antalya",1996,"t6",24.68
"717","Antalya",1997,"t6",25.55
"718","Antalya",1998,"t6",25.58
"719","Antalya",1999,"t6",24.8
"720","Antalya",2000,"t6",25.48
"721","Antalya",2001,"t6",24.27
"722","Antalya",2002,"t6",25.21
"723","Antalya",2003,"t6",26.07
"724","Antalya",2004,"t6",25.27
"725","Antalya",2005,"t6",25.76
"726","Antalya",2006,"t6",24.82
"727","Antalya",2007,"t6",25.83
"728","Antalya",2008,"t6",25.52
"729","Antalya",2009,"t6",26.31
"730","Antalya",2010,"t6",25.23
"731","Antalya",2011,"t6",25.12
"732","Antalya",2012,"t6",25.63
"733","Antalya",2013,"t6",25.45
"734","Antalya",2014,"t6",25.07
"735","Antalya",2015,"t6",24.73
"736","Antalya",2016,"t6",25.65
"737","Antalya",2017,"t6",25.8
"738","Antalya",2018,"t6",25.26
"739","Antalya",2019,"t6",25.38
"740","Antalya",2020,"t6",23.96
"741","Antalya",2021,"t6",25.58
"742","Antalya",2022,"t6",25.57
"743","Antalya",2023,"t6",25.1
"744","Antalya",2024,"t6",25.7
"745","Antalya",2025,"t6",26.12
"746","Antalya",2026,"t6",25.54
"747","Antalya",2027,"t6",25.83
"748","Antalya",2028,"t6",25.84
"749","Antalya",2029,"t6",26.08
"750","Antalya",2030,"t6",26.83
"751","Antalya",2031,"t6",25.71
"752","Antalya",2032,"t6",26.8
"753","Antalya",2033,"t6",26.27
"754","Antalya",2034,"t6",27.54
"755","Antalya",2035,"t6",27.58
"756","Antalya",2036,"t6",27.01
"757","Antalya",2037,"t6",26.82
"758","Antalya",2038,"t6",26.33
"759","Antalya",2039,"t6",26.54
"760","Antalya",2040,"t6",26.19
"761","Antalya",2041,"t6",26.76
"762","Antalya",2042,"t6",26.13
"763","Antalya",2043,"t6",27.04
"764","Antalya",2044,"t6",27.03
"765","Antalya",2045,"t6",26.97
"766","Antalya",2046,"t6",27.27
"767","Antalya",2047,"t6",27.51
"768","Antalya",2048,"t6",27.86
"769","Antalya",2049,"t6",26.97
"770","Antalya",2050,"t6",26.33
"771","Antalya",2051,"t6",27.57
"772","Antalya",2052,"t6",28.16
"773","Antalya",2053,"t6",27.84
"774","Antalya",2054,"t6",27.69
"775","Antalya",2055,"t6",27.63
"776","Antalya",2056,"t6",28.14
"777","Antalya",2057,"t6",26.44
"778","Antalya",2058,"t6",26.6
"779","Antalya",2059,"t6",27.03
"780","Antalya",2060,"t6",27.64
"781","Antalya",2061,"t6",27.32
"782","Antalya",2062,"t6",28.38
"783","Antalya",2063,"t6",27.93
"784","Antalya",2064,"t6",28.27
"785","Antalya",2065,"t6",26.69
"786","Antalya",2066,"t6",28.62
"787","Antalya",2067,"t6",27.82
"788","Antalya",2068,"t6",27.74
"789","Antalya",2069,"t6",28.97
"790","Antalya",2070,"t6",29.33
"791","Antalya",2071,"t6",27.33
"792","Antalya",2072,"t6",28.93
"793","Antalya",2073,"t6",27.88
"794","Antalya",2074,"t6",28.45
"795","Antalya",2075,"t6",27.62
"796","Antalya",2076,"t6",27.82
"797","Antalya",2077,"t6",28.5
"798","Antalya",2078,"t6",28.31
"799","Antalya",2079,"t6",27.34
"800","Antalya",2080,"t6",29.71
"801","Antalya",2081,"t6",28.76
"802","Antalya",2082,"t6",28.77
"803","Antalya",2083,"t6",28.34
"804","Antalya",2084,"t6",29.35
"805","Antalya",2085,"t6",28.68
"806","Antalya",2086,"t6",28.91
"807","Antalya",2087,"t6",28.03
"808","Antalya",2088,"t6",28.7
"809","Antalya",2089,"t6",29.32
"810","Antalya",2090,"t6",29.48
"811","Antalya",2091,"t6",29.58
"812","Antalya",2092,"t6",28.19
"813","Antalya",2093,"t6",28.19
"814","Antalya",2094,"t6",28.47
"815","Antalya",2095,"t6",29.36
"816","Antalya",2096,"t6",29.08
"817","Antalya",1961,"t7",27.94
"818","Antalya",1962,"t7",29.15
"819","Antalya",1963,"t7",27.56
"820","Antalya",1964,"t7",27.6
"821","Antalya",1965,"t7",27.76
"822","Antalya",1966,"t7",27.94
"823","Antalya",1967,"t7",27.32
"824","Antalya",1968,"t7",28.24
"825","Antalya",1969,"t7",27.27
"826","Antalya",1970,"t7",27.88
"827","Antalya",1971,"t7",26.65
"828","Antalya",1972,"t7",27.78
"829","Antalya",1973,"t7",27.7
"830","Antalya",1974,"t7",27.24
"831","Antalya",1975,"t7",27.66
"832","Antalya",1976,"t7",27.48
"833","Antalya",1977,"t7",27.54
"834","Antalya",1978,"t7",28.73
"835","Antalya",1979,"t7",27.97
"836","Antalya",1980,"t7",28.23
"837","Antalya",1981,"t7",28.57
"838","Antalya",1982,"t7",27.07
"839","Antalya",1983,"t7",27.18
"840","Antalya",1984,"t7",27.25
"841","Antalya",1985,"t7",28.46
"842","Antalya",1986,"t7",27.65
"843","Antalya",1987,"t7",28.32
"844","Antalya",1988,"t7",28.3
"845","Antalya",1989,"t7",27.78
"846","Antalya",1990,"t7",28.08
"847","Antalya",1991,"t7",27.76
"848","Antalya",1992,"t7",28.63
"849","Antalya",1993,"t7",28.79
"850","Antalya",1994,"t7",27.27
"851","Antalya",1995,"t7",28.53
"852","Antalya",1996,"t7",28.3
"853","Antalya",1997,"t7",28.1
"854","Antalya",1998,"t7",28
"855","Antalya",1999,"t7",27.64
"856","Antalya",2000,"t7",27.27
"857","Antalya",2001,"t7",28.95
"858","Antalya",2002,"t7",29.39
"859","Antalya",2003,"t7",29.12
"860","Antalya",2004,"t7",28.53
"861","Antalya",2005,"t7",28.32
"862","Antalya",2006,"t7",28.42
"863","Antalya",2007,"t7",29.2
"864","Antalya",2008,"t7",28.43
"865","Antalya",2009,"t7",28.73
"866","Antalya",2010,"t7",28.89
"867","Antalya",2011,"t7",28.28
"868","Antalya",2012,"t7",28.85
"869","Antalya",2013,"t7",28.29
"870","Antalya",2014,"t7",28.27
"871","Antalya",2015,"t7",28.18
"872","Antalya",2016,"t7",28.17
"873","Antalya",2017,"t7",28.53
"874","Antalya",2018,"t7",29.26
"875","Antalya",2019,"t7",29.17
"876","Antalya",2020,"t7",28.81
"877","Antalya",2021,"t7",28.73
"878","Antalya",2022,"t7",29.29
"879","Antalya",2023,"t7",28.69
"880","Antalya",2024,"t7",29.1
"881","Antalya",2025,"t7",29.4
"882","Antalya",2026,"t7",29.07
"883","Antalya",2027,"t7",29.45
"884","Antalya",2028,"t7",27.82
"885","Antalya",2029,"t7",28.98
"886","Antalya",2030,"t7",29.25
"887","Antalya",2031,"t7",29.86
"888","Antalya",2032,"t7",29.19
"889","Antalya",2033,"t7",29.52
"890","Antalya",2034,"t7",29.27
"891","Antalya",2035,"t7",30.4
"892","Antalya",2036,"t7",29.87
"893","Antalya",2037,"t7",30.3
"894","Antalya",2038,"t7",30.3
"895","Antalya",2039,"t7",29.56
"896","Antalya",2040,"t7",29.73
"897","Antalya",2041,"t7",30.67
"898","Antalya",2042,"t7",30
"899","Antalya",2043,"t7",30.26
"900","Antalya",2044,"t7",30.88
"901","Antalya",2045,"t7",30.5
"902","Antalya",2046,"t7",30.43
"903","Antalya",2047,"t7",31.15
"904","Antalya",2048,"t7",30.04
"905","Antalya",2049,"t7",30.01
"906","Antalya",2050,"t7",29.93
"907","Antalya",2051,"t7",30.26
"908","Antalya",2052,"t7",30.55
"909","Antalya",2053,"t7",30.3
"910","Antalya",2054,"t7",30.57
"911","Antalya",2055,"t7",30.71
"912","Antalya",2056,"t7",30.66
"913","Antalya",2057,"t7",30.76
"914","Antalya",2058,"t7",30.84
"915","Antalya",2059,"t7",30.74
"916","Antalya",2060,"t7",31.09
"917","Antalya",2061,"t7",30.32
"918","Antalya",2062,"t7",30.94
"919","Antalya",2063,"t7",30.06
"920","Antalya",2064,"t7",31.11
"921","Antalya",2065,"t7",30.9
"922","Antalya",2066,"t7",31.7
"923","Antalya",2067,"t7",31.24
"924","Antalya",2068,"t7",32.08
"925","Antalya",2069,"t7",30.96
"926","Antalya",2070,"t7",31.64
"927","Antalya",2071,"t7",31.57
"928","Antalya",2072,"t7",31.71
"929","Antalya",2073,"t7",31.45
"930","Antalya",2074,"t7",30.59
"931","Antalya",2075,"t7",30.45
"932","Antalya",2076,"t7",31.78
"933","Antalya",2077,"t7",32.08
"934","Antalya",2078,"t7",32.72
"935","Antalya",2079,"t7",31.56
"936","Antalya",2080,"t7",32.29
"937","Antalya",2081,"t7",30.93
"938","Antalya",2082,"t7",31.49
"939","Antalya",2083,"t7",31.44
"940","Antalya",2084,"t7",32.2
"941","Antalya",2085,"t7",31.88
"942","Antalya",2086,"t7",31.77
"943","Antalya",2087,"t7",31.74
"944","Antalya",2088,"t7",31.91
"945","Antalya",2089,"t7",32.65
"946","Antalya",2090,"t7",32.92
"947","Antalya",2091,"t7",32.84
"948","Antalya",2092,"t7",31.74
"949","Antalya",2093,"t7",31.42
"950","Antalya",2094,"t7",31.88
"951","Antalya",2095,"t7",33.19
"952","Antalya",2096,"t7",31.86
"953","Antalya",1961,"t8",27.62
"954","Antalya",1962,"t8",28.64
"955","Antalya",1963,"t8",27.93
"956","Antalya",1964,"t8",27.25
"957","Antalya",1965,"t8",27.18
"958","Antalya",1966,"t8",28.51
"959","Antalya",1967,"t8",27.92
"960","Antalya",1968,"t8",28.49
"961","Antalya",1969,"t8",26.62
"962","Antalya",1970,"t8",27.56
"963","Antalya",1971,"t8",27.53
"964","Antalya",1972,"t8",28.05
"965","Antalya",1973,"t8",28.23
"966","Antalya",1974,"t8",27.44
"967","Antalya",1975,"t8",28.3
"968","Antalya",1976,"t8",27.9
"969","Antalya",1977,"t8",28.45
"970","Antalya",1978,"t8",27.81
"971","Antalya",1979,"t8",27.36
"972","Antalya",1980,"t8",27.67
"973","Antalya",1981,"t8",27.86
"974","Antalya",1982,"t8",27.41
"975","Antalya",1983,"t8",27.83
"976","Antalya",1984,"t8",27.56
"977","Antalya",1985,"t8",28.8
"978","Antalya",1986,"t8",28.77
"979","Antalya",1987,"t8",28.03
"980","Antalya",1988,"t8",27.99
"981","Antalya",1989,"t8",28.61
"982","Antalya",1990,"t8",28.54
"983","Antalya",1991,"t8",28.67
"984","Antalya",1992,"t8",29.34
"985","Antalya",1993,"t8",28.54
"986","Antalya",1994,"t8",27.9
"987","Antalya",1995,"t8",28.1
"988","Antalya",1996,"t8",28.11
"989","Antalya",1997,"t8",28.35
"990","Antalya",1998,"t8",28.58
"991","Antalya",1999,"t8",27.96
"992","Antalya",2000,"t8",28.27
"993","Antalya",2001,"t8",29
"994","Antalya",2002,"t8",28.65
"995","Antalya",2003,"t8",28.27
"996","Antalya",2004,"t8",28.94
"997","Antalya",2005,"t8",29.46
"998","Antalya",2006,"t8",28.22
"999","Antalya",2007,"t8",28.49
"1000","Antalya",2008,"t8",28.87
"1001","Antalya",2009,"t8",28.93
"1002","Antalya",2010,"t8",29.26
"1003","Antalya",2011,"t8",28.65
"1004","Antalya",2012,"t8",28.69
"1005","Antalya",2013,"t8",28.98
"1006","Antalya",2014,"t8",28.16
"1007","Antalya",2015,"t8",28.33
"1008","Antalya",2016,"t8",28.44
"1009","Antalya",2017,"t8",28.88
"1010","Antalya",2018,"t8",29.2
"1011","Antalya",2019,"t8",29.29
"1012","Antalya",2020,"t8",28.92
"1013","Antalya",2021,"t8",28.85
"1014","Antalya",2022,"t8",29.09
"1015","Antalya",2023,"t8",29.44
"1016","Antalya",2024,"t8",29.12
"1017","Antalya",2025,"t8",28.98
"1018","Antalya",2026,"t8",28.71
"1019","Antalya",2027,"t8",28.82
"1020","Antalya",2028,"t8",28.06
"1021","Antalya",2029,"t8",29.13
"1022","Antalya",2030,"t8",29.97
"1023","Antalya",2031,"t8",30.8
"1024","Antalya",2032,"t8",29.46
"1025","Antalya",2033,"t8",29.55
"1026","Antalya",2034,"t8",29.41
"1027","Antalya",2035,"t8",30.33
"1028","Antalya",2036,"t8",29.33
"1029","Antalya",2037,"t8",29.74
"1030","Antalya",2038,"t8",28.89
"1031","Antalya",2039,"t8",29.88
"1032","Antalya",2040,"t8",30.12
"1033","Antalya",2041,"t8",30.16
"1034","Antalya",2042,"t8",30
"1035","Antalya",2043,"t8",31.38
"1036","Antalya",2044,"t8",31.26
"1037","Antalya",2045,"t8",29.65
"1038","Antalya",2046,"t8",30.53
"1039","Antalya",2047,"t8",30.81
"1040","Antalya",2048,"t8",30.16
"1041","Antalya",2049,"t8",29.73
"1042","Antalya",2050,"t8",30.27
"1043","Antalya",2051,"t8",29.97
"1044","Antalya",2052,"t8",30.56
"1045","Antalya",2053,"t8",30.4
"1046","Antalya",2054,"t8",30.73
"1047","Antalya",2055,"t8",31.11
"1048","Antalya",2056,"t8",30.21
"1049","Antalya",2057,"t8",30.74
"1050","Antalya",2058,"t8",30.39
"1051","Antalya",2059,"t8",30.36
"1052","Antalya",2060,"t8",31.24
"1053","Antalya",2061,"t8",30.58
"1054","Antalya",2062,"t8",30.9
"1055","Antalya",2063,"t8",30.66
"1056","Antalya",2064,"t8",31.28
"1057","Antalya",2065,"t8",30.8
"1058","Antalya",2066,"t8",31.19
"1059","Antalya",2067,"t8",30.87
"1060","Antalya",2068,"t8",31.36
"1061","Antalya",2069,"t8",31.49
"1062","Antalya",2070,"t8",31.47
"1063","Antalya",2071,"t8",30.76
"1064","Antalya",2072,"t8",31.44
"1065","Antalya",2073,"t8",31.13
"1066","Antalya",2074,"t8",31.63
"1067","Antalya",2075,"t8",31.2
"1068","Antalya",2076,"t8",31.94
"1069","Antalya",2077,"t8",31.49
"1070","Antalya",2078,"t8",31.85
"1071","Antalya",2079,"t8",31.32
"1072","Antalya",2080,"t8",31.46
"1073","Antalya",2081,"t8",32.34
"1074","Antalya",2082,"t8",31.95
"1075","Antalya",2083,"t8",31.47
"1076","Antalya",2084,"t8",32.07
"1077","Antalya",2085,"t8",31.78
"1078","Antalya",2086,"t8",31.5
"1079","Antalya",2087,"t8",31.48
"1080","Antalya",2088,"t8",31.99
"1081","Antalya",2089,"t8",32.2
"1082","Antalya",2090,"t8",32.62
"1083","Antalya",2091,"t8",32.5
"1084","Antalya",2092,"t8",31.26
"1085","Antalya",2093,"t8",31.92
"1086","Antalya",2094,"t8",32.03
"1087","Antalya",2095,"t8",31.76
"1088","Antalya",2096,"t8",32.28
"1089","Antalya",1961,"t9",24.57
"1090","Antalya",1962,"t9",24.43
"1091","Antalya",1963,"t9",24.78
"1092","Antalya",1964,"t9",24.86
"1093","Antalya",1965,"t9",24.5
"1094","Antalya",1966,"t9",25.06
"1095","Antalya",1967,"t9",24.64
"1096","Antalya",1968,"t9",24.91
"1097","Antalya",1969,"t9",23.92
"1098","Antalya",1970,"t9",24.37
"1099","Antalya",1971,"t9",24.21
"1100","Antalya",1972,"t9",24.23
"1101","Antalya",1973,"t9",24.96
"1102","Antalya",1974,"t9",24.4
"1103","Antalya",1975,"t9",24.49
"1104","Antalya",1976,"t9",24.05
"1105","Antalya",1977,"t9",24.76
"1106","Antalya",1978,"t9",24
"1107","Antalya",1979,"t9",24.88
"1108","Antalya",1980,"t9",24.73
"1109","Antalya",1981,"t9",25.09
"1110","Antalya",1982,"t9",23.92
"1111","Antalya",1983,"t9",24.51
"1112","Antalya",1984,"t9",24.15
"1113","Antalya",1985,"t9",24.59
"1114","Antalya",1986,"t9",25.08
"1115","Antalya",1987,"t9",25.18
"1116","Antalya",1988,"t9",25.13
"1117","Antalya",1989,"t9",24.4
"1118","Antalya",1990,"t9",24.75
"1119","Antalya",1991,"t9",25.57
"1120","Antalya",1992,"t9",24.99
"1121","Antalya",1993,"t9",25.76
"1122","Antalya",1994,"t9",24.24
"1123","Antalya",1995,"t9",25.32
"1124","Antalya",1996,"t9",25.17
"1125","Antalya",1997,"t9",25.55
"1126","Antalya",1998,"t9",25.42
"1127","Antalya",1999,"t9",25.19
"1128","Antalya",2000,"t9",24.16
"1129","Antalya",2001,"t9",25.13
"1130","Antalya",2002,"t9",26.1
"1131","Antalya",2003,"t9",24.88
"1132","Antalya",2004,"t9",25.71
"1133","Antalya",2005,"t9",25.61
"1134","Antalya",2006,"t9",25.37
"1135","Antalya",2007,"t9",25.39
"1136","Antalya",2008,"t9",25.95
"1137","Antalya",2009,"t9",25.58
"1138","Antalya",2010,"t9",25.71
"1139","Antalya",2011,"t9",26.13
"1140","Antalya",2012,"t9",26.31
"1141","Antalya",2013,"t9",25.3
"1142","Antalya",2014,"t9",25.69
"1143","Antalya",2015,"t9",24.85
"1144","Antalya",2016,"t9",25.8
"1145","Antalya",2017,"t9",25.71
"1146","Antalya",2018,"t9",26.16
"1147","Antalya",2019,"t9",26.38
"1148","Antalya",2020,"t9",25.8
"1149","Antalya",2021,"t9",25.63
"1150","Antalya",2022,"t9",25.57
"1151","Antalya",2023,"t9",26.17
"1152","Antalya",2024,"t9",26
"1153","Antalya",2025,"t9",25.71
"1154","Antalya",2026,"t9",25.28
"1155","Antalya",2027,"t9",26.61
"1156","Antalya",2028,"t9",26.53
"1157","Antalya",2029,"t9",25.94
"1158","Antalya",2030,"t9",26.49
"1159","Antalya",2031,"t9",27.4
"1160","Antalya",2032,"t9",27.12
"1161","Antalya",2033,"t9",26
"1162","Antalya",2034,"t9",27.11
"1163","Antalya",2035,"t9",26.55
"1164","Antalya",2036,"t9",26
"1165","Antalya",2037,"t9",26.82
"1166","Antalya",2038,"t9",25.91
"1167","Antalya",2039,"t9",27.52
"1168","Antalya",2040,"t9",26.78
"1169","Antalya",2041,"t9",26.69
"1170","Antalya",2042,"t9",26.42
"1171","Antalya",2043,"t9",27.18
"1172","Antalya",2044,"t9",27.6
"1173","Antalya",2045,"t9",26.29
"1174","Antalya",2046,"t9",26.58
"1175","Antalya",2047,"t9",27.11
"1176","Antalya",2048,"t9",27.08
"1177","Antalya",2049,"t9",26.75
"1178","Antalya",2050,"t9",27.14
"1179","Antalya",2051,"t9",27.35
"1180","Antalya",2052,"t9",27.33
"1181","Antalya",2053,"t9",27.39
"1182","Antalya",2054,"t9",27.69
"1183","Antalya",2055,"t9",27.29
"1184","Antalya",2056,"t9",27.45
"1185","Antalya",2057,"t9",28.18
"1186","Antalya",2058,"t9",27.16
"1187","Antalya",2059,"t9",27.73
"1188","Antalya",2060,"t9",27.44
"1189","Antalya",2061,"t9",27.31
"1190","Antalya",2062,"t9",27.86
"1191","Antalya",2063,"t9",27.96
"1192","Antalya",2064,"t9",26.93
"1193","Antalya",2065,"t9",28.06
"1194","Antalya",2066,"t9",27.51
"1195","Antalya",2067,"t9",28.02
"1196","Antalya",2068,"t9",28.07
"1197","Antalya",2069,"t9",27.62
"1198","Antalya",2070,"t9",27.95
"1199","Antalya",2071,"t9",27.83
"1200","Antalya",2072,"t9",28.23
"1201","Antalya",2073,"t9",28.65
"1202","Antalya",2074,"t9",28.61
"1203","Antalya",2075,"t9",29.31
"1204","Antalya",2076,"t9",27.64
"1205","Antalya",2077,"t9",28.31
"1206","Antalya",2078,"t9",28.41
"1207","Antalya",2079,"t9",28.48
"1208","Antalya",2080,"t9",29.31
"1209","Antalya",2081,"t9",28.46
"1210","Antalya",2082,"t9",28.05
"1211","Antalya",2083,"t9",28.8
"1212","Antalya",2084,"t9",28.36
"1213","Antalya",2085,"t9",28.43
"1214","Antalya",2086,"t9",28.81
"1215","Antalya",2087,"t9",29.65
"1216","Antalya",2088,"t9",29.28
"1217","Antalya",2089,"t9",28.65
"1218","Antalya",2090,"t9",29.33
"1219","Antalya",2091,"t9",28.99
"1220","Antalya",2092,"t9",28.79
"1221","Antalya",2093,"t9",28.87
"1222","Antalya",2094,"t9",28.41
"1223","Antalya",2095,"t9",28.77
"1224","Antalya",2096,"t9",28.84
"1225","Antalya",1961,"t10",20.18
"1226","Antalya",1962,"t10",19.81
"1227","Antalya",1963,"t10",19.39
"1228","Antalya",1964,"t10",20.46
"1229","Antalya",1965,"t10",19.34
"1230","Antalya",1966,"t10",18.61
"1231","Antalya",1967,"t10",21.32
"1232","Antalya",1968,"t10",19.32
"1233","Antalya",1969,"t10",20.24
"1234","Antalya",1970,"t10",20.09
"1235","Antalya",1971,"t10",20.19
"1236","Antalya",1972,"t10",19.45
"1237","Antalya",1973,"t10",20.07
"1238","Antalya",1974,"t10",19.44
"1239","Antalya",1975,"t10",19.97
"1240","Antalya",1976,"t10",19.62
"1241","Antalya",1977,"t10",19.41
"1242","Antalya",1978,"t10",20.25
"1243","Antalya",1979,"t10",20.22
"1244","Antalya",1980,"t10",19.15
"1245","Antalya",1981,"t10",19.21
"1246","Antalya",1982,"t10",19.83
"1247","Antalya",1983,"t10",20.75
"1248","Antalya",1984,"t10",19
"1249","Antalya",1985,"t10",19.88
"1250","Antalya",1986,"t10",20.48
"1251","Antalya",1987,"t10",19.13
"1252","Antalya",1988,"t10",20.26
"1253","Antalya",1989,"t10",19.12
"1254","Antalya",1990,"t10",19.18
"1255","Antalya",1991,"t10",19.94
"1256","Antalya",1992,"t10",20.3
"1257","Antalya",1993,"t10",21.14
"1258","Antalya",1994,"t10",19.9
"1259","Antalya",1995,"t10",21.4
"1260","Antalya",1996,"t10",19.86
"1261","Antalya",1997,"t10",19.58
"1262","Antalya",1998,"t10",20.61
"1263","Antalya",1999,"t10",20.22
"1264","Antalya",2000,"t10",19.98
"1265","Antalya",2001,"t10",19.7
"1266","Antalya",2002,"t10",21.47
"1267","Antalya",2003,"t10",19.26
"1268","Antalya",2004,"t10",21.14
"1269","Antalya",2005,"t10",20.53
"1270","Antalya",2006,"t10",21.09
"1271","Antalya",2007,"t10",20.77
"1272","Antalya",2008,"t10",21.35
"1273","Antalya",2009,"t10",21.64
"1274","Antalya",2010,"t10",21.22
"1275","Antalya",2011,"t10",20.36
"1276","Antalya",2012,"t10",20.5
"1277","Antalya",2013,"t10",20.5
"1278","Antalya",2014,"t10",21.11
"1279","Antalya",2015,"t10",20.37
"1280","Antalya",2016,"t10",20.8
"1281","Antalya",2017,"t10",21.09
"1282","Antalya",2018,"t10",20.48
"1283","Antalya",2019,"t10",20.43
"1284","Antalya",2020,"t10",20.33
"1285","Antalya",2021,"t10",19.66
"1286","Antalya",2022,"t10",20.94
"1287","Antalya",2023,"t10",20.7
"1288","Antalya",2024,"t10",20.78
"1289","Antalya",2025,"t10",20.68
"1290","Antalya",2026,"t10",19.85
"1291","Antalya",2027,"t10",20.89
"1292","Antalya",2028,"t10",21.3
"1293","Antalya",2029,"t10",21.89
"1294","Antalya",2030,"t10",21.65
"1295","Antalya",2031,"t10",22.19
"1296","Antalya",2032,"t10",21.37
"1297","Antalya",2033,"t10",22.17
"1298","Antalya",2034,"t10",20.79
"1299","Antalya",2035,"t10",22.48
"1300","Antalya",2036,"t10",20.46
"1301","Antalya",2037,"t10",22.6
"1302","Antalya",2038,"t10",21.98
"1303","Antalya",2039,"t10",21.68
"1304","Antalya",2040,"t10",21.71
"1305","Antalya",2041,"t10",22.25
"1306","Antalya",2042,"t10",21.21
"1307","Antalya",2043,"t10",22.32
"1308","Antalya",2044,"t10",22.14
"1309","Antalya",2045,"t10",21.52
"1310","Antalya",2046,"t10",22.23
"1311","Antalya",2047,"t10",22.44
"1312","Antalya",2048,"t10",23.06
"1313","Antalya",2049,"t10",21.13
"1314","Antalya",2050,"t10",22.85
"1315","Antalya",2051,"t10",22.04
"1316","Antalya",2052,"t10",22.12
"1317","Antalya",2053,"t10",22.3
"1318","Antalya",2054,"t10",21.3
"1319","Antalya",2055,"t10",21.53
"1320","Antalya",2056,"t10",22.15
"1321","Antalya",2057,"t10",22.15
"1322","Antalya",2058,"t10",22.72
"1323","Antalya",2059,"t10",21.95
"1324","Antalya",2060,"t10",22.59
"1325","Antalya",2061,"t10",22.31
"1326","Antalya",2062,"t10",23.25
"1327","Antalya",2063,"t10",22.89
"1328","Antalya",2064,"t10",21.75
"1329","Antalya",2065,"t10",22.61
"1330","Antalya",2066,"t10",22.62
"1331","Antalya",2067,"t10",22.31
"1332","Antalya",2068,"t10",22.51
"1333","Antalya",2069,"t10",22.16
"1334","Antalya",2070,"t10",22.76
"1335","Antalya",2071,"t10",22.65
"1336","Antalya",2072,"t10",21.52
"1337","Antalya",2073,"t10",22.64
"1338","Antalya",2074,"t10",23.21
"1339","Antalya",2075,"t10",23.41
"1340","Antalya",2076,"t10",23.32
"1341","Antalya",2077,"t10",23.41
"1342","Antalya",2078,"t10",23.94
"1343","Antalya",2079,"t10",23.58
"1344","Antalya",2080,"t10",24.18
"1345","Antalya",2081,"t10",23.2
"1346","Antalya",2082,"t10",23.45
"1347","Antalya",2083,"t10",22.64
"1348","Antalya",2084,"t10",23.32
"1349","Antalya",2085,"t10",23.6
"1350","Antalya",2086,"t10",23.49
"1351","Antalya",2087,"t10",23.42
"1352","Antalya",2088,"t10",23.32
"1353","Antalya",2089,"t10",24.34
"1354","Antalya",2090,"t10",24.38
"1355","Antalya",2091,"t10",23.55
"1356","Antalya",2092,"t10",24.32
"1357","Antalya",2093,"t10",23.38
"1358","Antalya",2094,"t10",24.1
"1359","Antalya",2095,"t10",25.07
"1360","Antalya",2096,"t10",25.5
"1361","Antalya",1961,"t11",15.32
"1362","Antalya",1962,"t11",15.01
"1363","Antalya",1963,"t11",15.21
"1364","Antalya",1964,"t11",15.27
"1365","Antalya",1965,"t11",14.6
"1366","Antalya",1966,"t11",14.24
"1367","Antalya",1967,"t11",15.69
"1368","Antalya",1968,"t11",14.36
"1369","Antalya",1969,"t11",14.58
"1370","Antalya",1970,"t11",13.98
"1371","Antalya",1971,"t11",14.58
"1372","Antalya",1972,"t11",14.84
"1373","Antalya",1973,"t11",15.28
"1374","Antalya",1974,"t11",14.87
"1375","Antalya",1975,"t11",14.97
"1376","Antalya",1976,"t11",14.56
"1377","Antalya",1977,"t11",14.42
"1378","Antalya",1978,"t11",15.01
"1379","Antalya",1979,"t11",15.94
"1380","Antalya",1980,"t11",14.52
"1381","Antalya",1981,"t11",15.26
"1382","Antalya",1982,"t11",14.13
"1383","Antalya",1983,"t11",14.8
"1384","Antalya",1984,"t11",14.07
"1385","Antalya",1985,"t11",15.15
"1386","Antalya",1986,"t11",14.77
"1387","Antalya",1987,"t11",14.3
"1388","Antalya",1988,"t11",14.27
"1389","Antalya",1989,"t11",15.63
"1390","Antalya",1990,"t11",14.27
"1391","Antalya",1991,"t11",15.04
"1392","Antalya",1992,"t11",14.79
"1393","Antalya",1993,"t11",15.64
"1394","Antalya",1994,"t11",13.95
"1395","Antalya",1995,"t11",15.68
"1396","Antalya",1996,"t11",14.78
"1397","Antalya",1997,"t11",15.1
"1398","Antalya",1998,"t11",15.67
"1399","Antalya",1999,"t11",15.51
"1400","Antalya",2000,"t11",16.13
"1401","Antalya",2001,"t11",14.16
"1402","Antalya",2002,"t11",15.86
"1403","Antalya",2003,"t11",14.98
"1404","Antalya",2004,"t11",15.1
"1405","Antalya",2005,"t11",15.48
"1406","Antalya",2006,"t11",14.71
"1407","Antalya",2007,"t11",14.71
"1408","Antalya",2008,"t11",15.87
"1409","Antalya",2009,"t11",15.65
"1410","Antalya",2010,"t11",15.61
"1411","Antalya",2011,"t11",14.86
"1412","Antalya",2012,"t11",15.19
"1413","Antalya",2013,"t11",15.69
"1414","Antalya",2014,"t11",15.86
"1415","Antalya",2015,"t11",14.36
"1416","Antalya",2016,"t11",14.02
"1417","Antalya",2017,"t11",16.7
"1418","Antalya",2018,"t11",15.28
"1419","Antalya",2019,"t11",14.38
"1420","Antalya",2020,"t11",14.54
"1421","Antalya",2021,"t11",15.72
"1422","Antalya",2022,"t11",15.74
"1423","Antalya",2023,"t11",14.95
"1424","Antalya",2024,"t11",15.51
"1425","Antalya",2025,"t11",14.99
"1426","Antalya",2026,"t11",15.09
"1427","Antalya",2027,"t11",15.24
"1428","Antalya",2028,"t11",16.34
"1429","Antalya",2029,"t11",15.2
"1430","Antalya",2030,"t11",14.69
"1431","Antalya",2031,"t11",16.19
"1432","Antalya",2032,"t11",16.01
"1433","Antalya",2033,"t11",16.44
"1434","Antalya",2034,"t11",15.82
"1435","Antalya",2035,"t11",15.72
"1436","Antalya",2036,"t11",15.53
"1437","Antalya",2037,"t11",17.34
"1438","Antalya",2038,"t11",15.29
"1439","Antalya",2039,"t11",16.36
"1440","Antalya",2040,"t11",15.88
"1441","Antalya",2041,"t11",16.39
"1442","Antalya",2042,"t11",15.61
"1443","Antalya",2043,"t11",16.47
"1444","Antalya",2044,"t11",17.04
"1445","Antalya",2045,"t11",15.56
"1446","Antalya",2046,"t11",17.92
"1447","Antalya",2047,"t11",17.26
"1448","Antalya",2048,"t11",17.07
"1449","Antalya",2049,"t11",15.86
"1450","Antalya",2050,"t11",17.78
"1451","Antalya",2051,"t11",16.29
"1452","Antalya",2052,"t11",16.34
"1453","Antalya",2053,"t11",16.88
"1454","Antalya",2054,"t11",16.7
"1455","Antalya",2055,"t11",17.09
"1456","Antalya",2056,"t11",17.57
"1457","Antalya",2057,"t11",17.39
"1458","Antalya",2058,"t11",17.41
"1459","Antalya",2059,"t11",16.97
"1460","Antalya",2060,"t11",16.39
"1461","Antalya",2061,"t11",17.35
"1462","Antalya",2062,"t11",16.17
"1463","Antalya",2063,"t11",16.64
"1464","Antalya",2064,"t11",17.05
"1465","Antalya",2065,"t11",15.83
"1466","Antalya",2066,"t11",17.47
"1467","Antalya",2067,"t11",17.21
"1468","Antalya",2068,"t11",17.9
"1469","Antalya",2069,"t11",17.6
"1470","Antalya",2070,"t11",16.16
"1471","Antalya",2071,"t11",16.44
"1472","Antalya",2072,"t11",16.14
"1473","Antalya",2073,"t11",17.55
"1474","Antalya",2074,"t11",17.46
"1475","Antalya",2075,"t11",16.96
"1476","Antalya",2076,"t11",17.5
"1477","Antalya",2077,"t11",17.21
"1478","Antalya",2078,"t11",18.03
"1479","Antalya",2079,"t11",16.48
"1480","Antalya",2080,"t11",18.51
"1481","Antalya",2081,"t11",17.78
"1482","Antalya",2082,"t11",17.72
"1483","Antalya",2083,"t11",17.99
"1484","Antalya",2084,"t11",18.19
"1485","Antalya",2085,"t11",18.26
"1486","Antalya",2086,"t11",17.65
"1487","Antalya",2087,"t11",17.8
"1488","Antalya",2088,"t11",18.63
"1489","Antalya",2089,"t11",17.92
"1490","Antalya",2090,"t11",17.85
"1491","Antalya",2091,"t11",17.99
"1492","Antalya",2092,"t11",17.78
"1493","Antalya",2093,"t11",17.76
"1494","Antalya",2094,"t11",19.26
"1495","Antalya",2095,"t11",18.51
"1496","Antalya",2096,"t11",19.19
"1497","Antalya",1961,"t12",11.69
"1498","Antalya",1962,"t12",10.17
"1499","Antalya",1963,"t12",10.07
"1500","Antalya",1964,"t12",10.99
"1501","Antalya",1965,"t12",11.12
"1502","Antalya",1966,"t12",10.89
"1503","Antalya",1967,"t12",10.94
"1504","Antalya",1968,"t12",9.88
"1505","Antalya",1969,"t12",10.92
"1506","Antalya",1970,"t12",10.41
"1507","Antalya",1971,"t12",11.4
"1508","Antalya",1972,"t12",10.6
"1509","Antalya",1973,"t12",10.04
"1510","Antalya",1974,"t12",10.37
"1511","Antalya",1975,"t12",10.25
"1512","Antalya",1976,"t12",11.3
"1513","Antalya",1977,"t12",10.77
"1514","Antalya",1978,"t12",10.42
"1515","Antalya",1979,"t12",11.35
"1516","Antalya",1980,"t12",11.17
"1517","Antalya",1981,"t12",11.19
"1518","Antalya",1982,"t12",10.69
"1519","Antalya",1983,"t12",10.07
"1520","Antalya",1984,"t12",9.99
"1521","Antalya",1985,"t12",11.16
"1522","Antalya",1986,"t12",11.1
"1523","Antalya",1987,"t12",10.31
"1524","Antalya",1988,"t12",10.46
"1525","Antalya",1989,"t12",10.57
"1526","Antalya",1990,"t12",10.62
"1527","Antalya",1991,"t12",11.14
"1528","Antalya",1992,"t12",10.73
"1529","Antalya",1993,"t12",10.17
"1530","Antalya",1994,"t12",10.57
"1531","Antalya",1995,"t12",10.49
"1532","Antalya",1996,"t12",10.78
"1533","Antalya",1997,"t12",10.51
"1534","Antalya",1998,"t12",11.57
"1535","Antalya",1999,"t12",11.46
"1536","Antalya",2000,"t12",11.77
"1537","Antalya",2001,"t12",11.15
"1538","Antalya",2002,"t12",10.26
"1539","Antalya",2003,"t12",11.71
"1540","Antalya",2004,"t12",11.73
"1541","Antalya",2005,"t12",11.51
"1542","Antalya",2006,"t12",10.89
"1543","Antalya",2007,"t12",10.67
"1544","Antalya",2008,"t12",12.4
"1545","Antalya",2009,"t12",11.45
"1546","Antalya",2010,"t12",11.32
"1547","Antalya",2011,"t12",11.63
"1548","Antalya",2012,"t12",12.3
"1549","Antalya",2013,"t12",11.47
"1550","Antalya",2014,"t12",12.26
"1551","Antalya",2015,"t12",10.69
"1552","Antalya",2016,"t12",12.16
"1553","Antalya",2017,"t12",11.27
"1554","Antalya",2018,"t12",11.28
"1555","Antalya",2019,"t12",10.48
"1556","Antalya",2020,"t12",11.42
"1557","Antalya",2021,"t12",11.04
"1558","Antalya",2022,"t12",10.92
"1559","Antalya",2023,"t12",11.49
"1560","Antalya",2024,"t12",12.54
"1561","Antalya",2025,"t12",11.51
"1562","Antalya",2026,"t12",11.81
"1563","Antalya",2027,"t12",11.17
"1564","Antalya",2028,"t12",12.15
"1565","Antalya",2029,"t12",11.7
"1566","Antalya",2030,"t12",11.76
"1567","Antalya",2031,"t12",11.58
"1568","Antalya",2032,"t12",11.73
"1569","Antalya",2033,"t12",11.62
"1570","Antalya",2034,"t12",11.99
"1571","Antalya",2035,"t12",11.1
"1572","Antalya",2036,"t12",12.58
"1573","Antalya",2037,"t12",12.15
"1574","Antalya",2038,"t12",12
"1575","Antalya",2039,"t12",12.2
"1576","Antalya",2040,"t12",12.65
"1577","Antalya",2041,"t12",12.41
"1578","Antalya",2042,"t12",12.32
"1579","Antalya",2043,"t12",12.6
"1580","Antalya",2044,"t12",11.43
"1581","Antalya",2045,"t12",12.34
"1582","Antalya",2046,"t12",12.29
"1583","Antalya",2047,"t12",12.7
"1584","Antalya",2048,"t12",12.06
"1585","Antalya",2049,"t12",13.11
"1586","Antalya",2050,"t12",13.83
"1587","Antalya",2051,"t12",12.67
"1588","Antalya",2052,"t12",13.06
"1589","Antalya",2053,"t12",12.62
"1590","Antalya",2054,"t12",12.93
"1591","Antalya",2055,"t12",13.25
"1592","Antalya",2056,"t12",12.13
"1593","Antalya",2057,"t12",13.16
"1594","Antalya",2058,"t12",12.59
"1595","Antalya",2059,"t12",13.12
"1596","Antalya",2060,"t12",12.84
"1597","Antalya",2061,"t12",13.3
"1598","Antalya",2062,"t12",12.43
"1599","Antalya",2063,"t12",13.62
"1600","Antalya",2064,"t12",13.02
"1601","Antalya",2065,"t12",12.79
"1602","Antalya",2066,"t12",13.43
"1603","Antalya",2067,"t12",13.14
"1604","Antalya",2068,"t12",12.78
"1605","Antalya",2069,"t12",12.63
"1606","Antalya",2070,"t12",13.39
"1607","Antalya",2071,"t12",12.83
"1608","Antalya",2072,"t12",12.98
"1609","Antalya",2073,"t12",12.05
"1610","Antalya",2074,"t12",12.9
"1611","Antalya",2075,"t12",12.27
"1612","Antalya",2076,"t12",13.31
"1613","Antalya",2077,"t12",13.6
"1614","Antalya",2078,"t12",13.62
"1615","Antalya",2079,"t12",13.8
"1616","Antalya",2080,"t12",13.38
"1617","Antalya",2081,"t12",13.86
"1618","Antalya",2082,"t12",13.61
"1619","Antalya",2083,"t12",13.42
"1620","Antalya",2084,"t12",13.09
"1621","Antalya",2085,"t12",13.19
"1622","Antalya",2086,"t12",13.76
"1623","Antalya",2087,"t12",13.55
"1624","Antalya",2088,"t12",14.32
"1625","Antalya",2089,"t12",13.99
"1626","Antalya",2090,"t12",14.97
"1627","Antalya",2091,"t12",14.16
"1628","Antalya",2092,"t12",13.37
"1629","Antalya",2093,"t12",13.5
"1630","Antalya",2094,"t12",14.5
"1631","Antalya",2095,"t12",13.45
"1632","Antalya",2096,"t12",13.82
